nuts-2016	country	name
AL	AL	SHQIPËRIA
AL0	AL	SHQIPËRIA
AL01	AL	Veri
AL011	AL	Dibër
AL012	AL	Durrës
AL013	AL	Kukës
AL014	AL	Lezhë
AL015	AL	Shkodër
AL02	AL	Qender
AL021	AL	Elbasan
AL022	AL	Tiranë
AL03	AL	Jug
AL031	AL	Berat
AL032	AL	Fier
AL033	AL	Gjirokastër
AL034	AL	Korcë
AL035	AL	Vlorë
AT	AT	ÖSTERREICH
AT1	AT	OSTÖSTERREICH
AT11	AT	Burgenland
AT111	AT	Mittelburgenland
AT112	AT	Nordburgenland
AT113	AT	Südburgenland
AT12	AT	Niederösterreich
AT121	AT	Mostviertel-Eisenwurzen
AT122	AT	Niederösterreich-Süd
AT123	AT	Sankt Pölten
AT124	AT	Waldviertel
AT125	AT	Weinviertel
AT126	AT	Wiener Umland/Nordteil
AT127	AT	Wiener Umland/Südteil
AT13	AT	Wien
AT130	AT	Wien
AT2	AT	SÜDÖSTERREICH
AT21	AT	Kärnten
AT211	AT	Klagenfurt-Villach
AT212	AT	Oberkärnten
AT213	AT	Unterkärnten
AT22	AT	Steiermark
AT221	AT	Graz
AT222	AT	Liezen
AT223	AT	Östliche Obersteiermark
AT224	AT	Oststeiermark
AT225	AT	West- und Südsteiermark
AT226	AT	Westliche Obersteiermark
AT3	AT	WESTÖSTERREICH
AT31	AT	Oberösterreich
AT311	AT	Innviertel
AT312	AT	Linz-Wels
AT313	AT	Mühlviertel
AT314	AT	Steyr-Kirchdorf
AT315	AT	Traunviertel
AT32	AT	Salzburg
AT321	AT	Lungau
AT322	AT	Pinzgau-Pongau
AT323	AT	Salzburg und Umgebung
AT33	AT	Tirol
AT331	AT	Außerfern
AT332	AT	Innsbruck
AT333	AT	Osttirol
AT334	AT	Tiroler Oberland
AT335	AT	Tiroler Unterland
AT34	AT	Vorarlberg
AT341	AT	Bludenz-Bregenzer Wald
AT342	AT	Rheintal-Bodenseegebiet
BE	BE	BELGIQUE-BELGIË
BE1	BE	RÉGION DE BRUXELLES-CAPITALE/BRUSSELS HOOFDSTEDELIJK GEWEST
BE10	BE	Région de Bruxelles-Capitale/ Brussels Hoofdstedelijk Gewest
BE100	BE	Arr. de Bruxelles-Capitale/Arr. van Brussel-Hoofdstad
BE2	BE	VLAAMS GEWEST
BE21	BE	Prov. Antwerpen
BE211	BE	Arr. Antwerpen
BE212	BE	Arr. Mechelen
BE213	BE	Arr. Turnhout
BE22	BE	Prov. Limburg (BE)
BE221	BE	Arr. Hasselt
BE222	BE	Arr. Maaseik
BE223	BE	Arr. Tongeren
BE23	BE	Prov. Oost-Vlaanderen
BE231	BE	Arr. Aalst
BE232	BE	Arr. Dendermonde
BE233	BE	Arr. Eeklo
BE234	BE	Arr. Gent
BE235	BE	Arr. Oudenaarde
BE236	BE	Arr. Sint-Niklaas
BE24	BE	Prov. Vlaams-Brabant
BE241	BE	Arr. Halle-Vilvoorde
BE242	BE	Arr. Leuven
BE25	BE	Prov. West-Vlaanderen
BE251	BE	Arr. Brugge
BE252	BE	Arr. Diksmuide
BE253	BE	Arr. Ieper
BE254	BE	Arr. Kortrijk
BE255	BE	Arr. Oostende
BE256	BE	Arr. Roeselare
BE257	BE	Arr. Tielt
BE258	BE	Arr. Veurne
BE3	BE	RÉGION WALLONNE
BE31	BE	Prov. Brabant Wallon
BE310	BE	Arr. Nivelles
BE32	BE	Prov. Hainaut
BE321	BE	Arr. Ath
BE322	BE	Arr. Charleroi
BE323	BE	Arr. Mons
BE324	BE	Arr. Mouscron
BE325	BE	Arr. Soignies
BE326	BE	Arr. Thuin
BE327	BE	Arr. Tournai
BE33	BE	Prov. Liège
BE331	BE	Arr. Huy
BE332	BE	Arr. Liège
BE334	BE	Arr. Waremme
BE335	BE	Arr. Verviers - communes francophones
BE336	BE	Bezirk Verviers - Deutschsprachige Gemeinschaft
BE34	BE	Prov. Luxembourg (BE)
BE341	BE	Arr. Arlon
BE342	BE	Arr. Bastogne
BE343	BE	Arr. Marche-en-Famenne
BE344	BE	Arr. Neufchâteau
BE345	BE	Arr. Virton
BE35	BE	Prov. Namur
BE351	BE	Arr. Dinant
BE352	BE	Arr. Namur
BE353	BE	Arr. Philippeville
BG	BG	БЪЛГАРИЯ
BG3	BG	СЕВЕРНА И ЮГОИЗТОЧНА БЪЛГАРИЯ
BG31	BG	Северозападен
BG311	BG	Видин
BG312	BG	Монтана
BG313	BG	Враца
BG314	BG	Плевен
BG315	BG	Ловеч
BG32	BG	Северен централен
BG321	BG	Велико Търново
BG322	BG	Габрово
BG323	BG	Русе
BG324	BG	Разград
BG325	BG	Силистра
BG33	BG	Североизточен
BG331	BG	Варна
BG332	BG	Добрич
BG333	BG	Шумен
BG334	BG	Търговище
BG34	BG	Югоизточен
BG341	BG	Бургас
BG342	BG	Сливен
BG343	BG	Ямбол
BG344	BG	Стара Загора
BG4	BG	ЮГОЗАПАДНА И ЮЖНА ЦЕНТРАЛНА БЪЛГАРИЯ
BG41	BG	Югозападен
BG411	BG	София (столица)
BG412	BG	София
BG413	BG	Благоевград
BG414	BG	Перник
BG415	BG	Кюстендил
BG42	BG	Южен централен
BG421	BG	Пловдив
BG422	BG	Хасково
BG423	BG	Пазарджик
BG424	BG	Смолян
BG425	BG	Кърджали
CH	CH	SCHWEIZ/SUISSE/SVIZZERA
CH0	CH	SCHWEIZ/SUISSE/SVIZZERA
CH01	CH	Région lémanique
CH011	CH	Vaud
CH012	CH	Valais
CH013	CH	Genève
CH02	CH	Espace Mittelland
CH021	CH	Bern
CH022	CH	Freiburg
CH023	CH	Solothurn
CH024	CH	Neuchâtel
CH025	CH	Jura
CH03	CH	Nordwestschweiz
CH031	CH	Basel-Stadt
CH032	CH	Basel-Landschaft
CH033	CH	Aargau
CH04	CH	Zürich
CH040	CH	Zürich
CH05	CH	Ostschweiz
CH051	CH	Glarus
CH052	CH	Schaffhausen
CH053	CH	Appenzell Ausserrhoden
CH054	CH	Appenzell Innerrhoden
CH055	CH	St. Gallen
CH056	CH	Graubünden
CH057	CH	Thurgau
CH06	CH	Zentralschweiz
CH061	CH	Luzern
CH062	CH	Uri
CH063	CH	Schwyz
CH064	CH	Obwalden
CH065	CH	Nidwalden
CH066	CH	Zug
CH07	CH	Ticino
CH070	CH	Ticino
CY	CY	ΚΥΠΡΟΣ
CY0	CY	ΚΥΠΡΟΣ
CY00	CY	Κύπρος
CY000	CY	Κύπρος
CZ	CZ	ČESKÁ REPUBLIKA
CZ0	CZ	ČESKÁ REPUBLIKA
CZ01	CZ	Praha
CZ010	CZ	Hlavní město Praha
CZ02	CZ	Střední Čechy
CZ020	CZ	Středočeský kraj
CZ03	CZ	Jihozápad
CZ031	CZ	Jihočeský kraj
CZ032	CZ	Plzeňský kraj
CZ04	CZ	Severozápad
CZ041	CZ	Karlovarský kraj
CZ042	CZ	Ústecký kraj
CZ05	CZ	Severovýchod
CZ051	CZ	Liberecký kraj
CZ052	CZ	Královéhradecký kraj
CZ053	CZ	Pardubický kraj
CZ06	CZ	Jihovýchod
CZ063	CZ	Kraj Vysočina
CZ064	CZ	Jihomoravský kraj
CZ07	CZ	Střední Morava
CZ071	CZ	Olomoucký kraj
CZ072	CZ	Zlínský kraj
CZ08	CZ	Moravskoslezsko
CZ080	CZ	Moravskoslezský kraj
DE	DE	DEUTSCHLAND
DE1	DE	BADEN-WÜRTTEMBERG
DE11	DE	Stuttgart
DE111	DE	Stuttgart, Stadtkreis
DE112	DE	Böblingen
DE113	DE	Esslingen
DE114	DE	Göppingen
DE115	DE	Ludwigsburg
DE116	DE	Rems-Murr-Kreis
DE117	DE	Heilbronn, Stadtkreis
DE118	DE	Heilbronn, Landkreis
DE119	DE	Hohenlohekreis
DE11A	DE	Schwäbisch Hall
DE11B	DE	Main-Tauber-Kreis
DE11C	DE	Heidenheim
DE11D	DE	Ostalbkreis
DE12	DE	Karlsruhe
DE121	DE	Baden-Baden, Stadtkreis
DE122	DE	Karlsruhe, Stadtkreis
DE123	DE	Karlsruhe, Landkreis
DE124	DE	Rastatt
DE125	DE	Heidelberg, Stadtkreis
DE126	DE	Mannheim, Stadtkreis
DE127	DE	Neckar-Odenwald-Kreis
DE128	DE	Rhein-Neckar-Kreis
DE129	DE	Pforzheim, Stadtkreis
DE12A	DE	Calw
DE12B	DE	Enzkreis
DE12C	DE	Freudenstadt
DE13	DE	Freiburg
DE131	DE	Freiburg im Breisgau, Stadtkreis
DE132	DE	Breisgau-Hochschwarzwald
DE133	DE	Emmendingen
DE134	DE	Ortenaukreis
DE135	DE	Rottweil
DE136	DE	Schwarzwald-Baar-Kreis
DE137	DE	Tuttlingen
DE138	DE	Konstanz
DE139	DE	Lörrach
DE13A	DE	Waldshut
DE14	DE	Tübingen
DE141	DE	Reutlingen
DE142	DE	Tübingen, Landkreis
DE143	DE	Zollernalbkreis
DE144	DE	Ulm, Stadtkreis
DE145	DE	Alb-Donau-Kreis
DE146	DE	Biberach
DE147	DE	Bodenseekreis
DE148	DE	Ravensburg
DE149	DE	Sigmaringen
DE2	DE	BAYERN
DE21	DE	Oberbayern
DE211	DE	Ingolstadt, Kreisfreie Stadt
DE212	DE	München, Kreisfreie Stadt
DE213	DE	Rosenheim, Kreisfreie Stadt
DE214	DE	Altötting
DE215	DE	Berchtesgadener Land
DE216	DE	Bad Tölz-Wolfratshausen
DE217	DE	Dachau
DE218	DE	Ebersberg
DE219	DE	Eichstätt
DE21A	DE	Erding
DE21B	DE	Freising
DE21C	DE	Fürstenfeldbruck
DE21D	DE	Garmisch-Partenkirchen
DE21E	DE	Landsberg am Lech
DE21F	DE	Miesbach
DE21G	DE	Mühldorf a. Inn
DE21H	DE	München, Landkreis
DE21I	DE	Neuburg-Schrobenhausen
DE21J	DE	Pfaffenhofen a. d. Ilm
DE21K	DE	Rosenheim, Landkreis
DE21L	DE	Starnberg
DE21M	DE	Traunstein
DE21N	DE	Weilheim-Schongau
DE22	DE	Niederbayern
DE221	DE	Landshut, Kreisfreie Stadt
DE222	DE	Passau, Kreisfreie Stadt
DE223	DE	Straubing, Kreisfreie Stadt
DE224	DE	Deggendorf
DE225	DE	Freyung-Grafenau
DE226	DE	Kelheim
DE227	DE	Landshut, Landkreis
DE228	DE	Passau, Landkreis
DE229	DE	Regen
DE22A	DE	Rottal-Inn
DE22B	DE	Straubing-Bogen
DE22C	DE	Dingolfing-Landau
DE23	DE	Oberpfalz
DE231	DE	Amberg, Kreisfreie Stadt
DE232	DE	Regensburg, Kreisfreie Stadt
DE233	DE	Weiden i. d. Opf, Kreisfreie Stadt
DE234	DE	Amberg-Sulzbach
DE235	DE	Cham
DE236	DE	Neumarkt i. d. OPf.
DE237	DE	Neustadt a. d. Waldnaab
DE238	DE	Regensburg, Landkreis
DE239	DE	Schwandorf
DE23A	DE	Tirschenreuth
DE24	DE	Oberfranken
DE241	DE	Bamberg, Kreisfreie Stadt
DE242	DE	Bayreuth, Kreisfreie Stadt
DE243	DE	Coburg, Kreisfreie Stadt
DE244	DE	Hof, Kreisfreie Stadt
DE245	DE	Bamberg, Landkreis
DE246	DE	Bayreuth, Landkreis
DE247	DE	Coburg, Landkreis
DE248	DE	Forchheim
DE249	DE	Hof, Landkreis
DE24A	DE	Kronach
DE24B	DE	Kulmbach
DE24C	DE	Lichtenfels
DE24D	DE	Wunsiedel i. Fichtelgebirge
DE25	DE	Mittelfranken
DE251	DE	Ansbach, Kreisfreie Stadt
DE252	DE	Erlangen, Kreisfreie Stadt
DE253	DE	Fürth, Kreisfreie Stadt
DE254	DE	Nürnberg, Kreisfreie Stadt
DE255	DE	Schwabach, Kreisfreie Stadt
DE256	DE	Ansbach, Landkreis
DE257	DE	Erlangen-Höchstadt
DE258	DE	Fürth, Landkreis
DE259	DE	Nürnberger Land
DE25A	DE	Neustadt a. d. Aisch-Bad Windsheim
DE25B	DE	Roth
DE25C	DE	Weißenburg-Gunzenhausen
DE26	DE	Unterfranken
DE261	DE	Aschaffenburg, Kreisfreie Stadt
DE262	DE	Schweinfurt, Kreisfreie Stadt
DE263	DE	Würzburg, Kreisfreie Stadt
DE264	DE	Aschaffenburg, Landkreis
DE265	DE	Bad Kissingen
DE266	DE	Rhön-Grabfeld
DE267	DE	Haßberge
DE268	DE	Kitzingen
DE269	DE	Miltenberg
DE26A	DE	Main-Spessart
DE26B	DE	Schweinfurt, Landkreis
DE26C	DE	Würzburg, Landkreis
DE27	DE	Schwaben
DE271	DE	Augsburg, Kreisfreie Stadt
DE272	DE	Kaufbeuren, Kreisfreie Stadt
DE273	DE	Kempten (Allgäu), Kreisfreie Stadt
DE274	DE	Memmingen, Kreisfreie Stadt
DE275	DE	Aichach-Friedberg
DE276	DE	Augsburg, Landkreis
DE277	DE	Dillingen a.d. Donau
DE278	DE	Günzburg
DE279	DE	Neu-Ulm
DE27A	DE	Lindau (Bodensee)
DE27B	DE	Ostallgäu
DE27C	DE	Unterallgäu
DE27D	DE	Donau-Ries
DE27E	DE	Oberallgäu
DE3	DE	BERLIN
DE30	DE	Berlin
DE300	DE	Berlin
DE4	DE	BRANDENBURG
DE40	DE	Brandenburg
DE401	DE	Brandenburg an der Havel, Kreisfreie Stadt
DE402	DE	Cottbus, Kreisfreie Stadt
DE403	DE	Frankfurt (Oder), Kreisfreie Stadt
DE404	DE	Potsdam, Kreisfreie Stadt
DE405	DE	Barnim
DE406	DE	Dahme-Spreewald
DE407	DE	Elbe-Elster
DE408	DE	Havelland
DE409	DE	Märkisch-Oderland
DE40A	DE	Oberhavel
DE40B	DE	Oberspreewald-Lausitz
DE40C	DE	Oder-Spree
DE40D	DE	Ostprignitz-Ruppin
DE40E	DE	Potsdam-Mittelmark
DE40F	DE	Prignitz
DE40G	DE	Spree-Neiße
DE40H	DE	Teltow-Fläming
DE40I	DE	Uckermark
DE5	DE	BREMEN
DE50	DE	Bremen
DE501	DE	Bremen, Kreisfreie Stadt
DE502	DE	Bremerhaven, Kreisfreie Stadt
DE6	DE	HAMBURG
DE60	DE	Hamburg
DE600	DE	Hamburg
DE7	DE	HESSEN
DE71	DE	Darmstadt
DE711	DE	Darmstadt, Kreisfreie Stadt
DE712	DE	Frankfurt am Main, Kreisfreie Stadt
DE713	DE	Offenbach am Main, Kreisfreie Stadt
DE714	DE	Wiesbaden, Kreisfreie Stadt
DE715	DE	Bergstraße
DE716	DE	Darmstadt-Dieburg
DE717	DE	Groß-Gerau
DE718	DE	Hochtaunuskreis
DE719	DE	Main-Kinzig-Kreis
DE71A	DE	Main-Taunus-Kreis
DE71B	DE	Odenwaldkreis
DE71C	DE	Offenbach, Landkreis
DE71D	DE	Rheingau-Taunus-Kreis
DE71E	DE	Wetteraukreis
DE72	DE	Gießen
DE721	DE	Gießen, Landkreis
DE722	DE	Lahn-Dill-Kreis
DE723	DE	Limburg-Weilburg
DE724	DE	Marburg-Biedenkopf
DE725	DE	Vogelsbergkreis
DE73	DE	Kassel
DE731	DE	Kassel, Kreisfreie Stadt
DE732	DE	Fulda
DE733	DE	Hersfeld-Rotenburg
DE734	DE	Kassel, Landkreis
DE735	DE	Schwalm-Eder-Kreis
DE736	DE	Waldeck-Frankenberg
DE737	DE	Werra-Meißner-Kreis
DE8	DE	MECKLENBURG-VORPOMMERN
DE80	DE	Mecklenburg-Vorpommern
DE803	DE	Rostock, Kreisfreie Stadt
DE804	DE	Schwerin, Kreisfreie Stadt
DE80J	DE	Mecklenburgische Seenplatte
DE80K	DE	Landkreis Rostock
DE80L	DE	Vorpommern-Rügen
DE80M	DE	Nordwestmecklenburg
DE80N	DE	Vorpommern-Greifswald
DE80O	DE	Ludwigslust-Parchim
DE9	DE	NIEDERSACHSEN
DE91	DE	Braunschweig
DE911	DE	Braunschweig, Kreisfreie Stadt
DE912	DE	Salzgitter, Kreisfreie Stadt
DE913	DE	Wolfsburg, Kreisfreie Stadt
DE914	DE	Gifhorn
DE916	DE	Goslar
DE917	DE	Helmstedt
DE918	DE	Northeim
DE91A	DE	Peine
DE91B	DE	Wolfenbüttel
DE91C	DE	Göttingen
DE92	DE	Hannover
DE922	DE	Diepholz
DE923	DE	Hameln-Pyrmont
DE925	DE	Hildesheim
DE926	DE	Holzminden
DE927	DE	Nienburg (Weser)
DE928	DE	Schaumburg
DE929	DE	Region Hannover
DE93	DE	Lüneburg
DE931	DE	Celle
DE932	DE	Cuxhaven
DE933	DE	Harburg
DE934	DE	Lüchow-Dannenberg
DE935	DE	Lüneburg, Landkreis
DE936	DE	Osterholz
DE937	DE	Rotenburg (Wümme)
DE938	DE	Heidekreis
DE939	DE	Stade
DE93A	DE	Uelzen
DE93B	DE	Verden
DE94	DE	Weser-Ems
DE941	DE	Delmenhorst, Kreisfreie Stadt
DE942	DE	Emden, Kreisfreie Stadt
DE943	DE	Oldenburg (Oldenburg), Kreisfreie Stadt
DE944	DE	Osnabrück, Kreisfreie Stadt
DE945	DE	Wilhelmshaven, Kreisfreie Stadt
DE946	DE	Ammerland
DE947	DE	Aurich
DE948	DE	Cloppenburg
DE949	DE	Emsland
DE94A	DE	Friesland (DE)
DE94B	DE	Grafschaft Bentheim
DE94C	DE	Leer
DE94D	DE	Oldenburg, Landkreis
DE94E	DE	Osnabrück, Landkreis
DE94F	DE	Vechta
DE94G	DE	Wesermarsch
DE94H	DE	Wittmund
DEA	DE	NORDRHEIN-WESTFALEN
DEA1	DE	Düsseldorf
DEA11	DE	Düsseldorf, Kreisfreie Stadt
DEA12	DE	Duisburg, Kreisfreie Stadt
DEA13	DE	Essen, Kreisfreie Stadt
DEA14	DE	Krefeld, Kreisfreie Stadt
DEA15	DE	Mönchengladbach, Kreisfreie Stadt
DEA16	DE	Mülheim an der Ruhr, Kreisfreie Stadt
DEA17	DE	Oberhausen, Kreisfreie Stadt
DEA18	DE	Remscheid, Kreisfreie Stadt
DEA19	DE	Solingen, Kreisfreie Stadt
DEA1A	DE	Wuppertal, Kreisfreie Stadt
DEA1B	DE	Kleve
DEA1C	DE	Mettmann
DEA1D	DE	Rhein-Kreis Neuss
DEA1E	DE	Viersen
DEA1F	DE	Wesel
DEA2	DE	Köln
DEA22	DE	Bonn, Kreisfreie Stadt
DEA23	DE	Köln, Kreisfreie Stadt
DEA24	DE	Leverkusen, Kreisfreie Stadt
DEA26	DE	Düren
DEA27	DE	Rhein-Erft-Kreis
DEA28	DE	Euskirchen
DEA29	DE	Heinsberg
DEA2A	DE	Oberbergischer Kreis
DEA2B	DE	Rheinisch-Bergischer Kreis
DEA2C	DE	Rhein-Sieg-Kreis
DEA2D	DE	Städteregion Aachen
DEA3	DE	Münster
DEA31	DE	Bottrop, Kreisfreie Stadt
DEA32	DE	Gelsenkirchen, Kreisfreie Stadt
DEA33	DE	Münster, Kreisfreie Stadt
DEA34	DE	Borken
DEA35	DE	Coesfeld
DEA36	DE	Recklinghausen
DEA37	DE	Steinfurt
DEA38	DE	Warendorf
DEA4	DE	Detmold
DEA41	DE	Bielefeld, Kreisfreie Stadt
DEA42	DE	Gütersloh
DEA43	DE	Herford
DEA44	DE	Höxter
DEA45	DE	Lippe
DEA46	DE	Minden-Lübbecke
DEA47	DE	Paderborn
DEA5	DE	Arnsberg
DEA51	DE	Bochum, Kreisfreie Stadt
DEA52	DE	Dortmund, Kreisfreie Stadt
DEA53	DE	Hagen, Kreisfreie Stadt
DEA54	DE	Hamm, Kreisfreie Stadt
DEA55	DE	Herne, Kreisfreie Stadt
DEA56	DE	Ennepe-Ruhr-Kreis
DEA57	DE	Hochsauerlandkreis
DEA58	DE	Märkischer Kreis
DEA59	DE	Olpe
DEA5A	DE	Siegen-Wittgenstein
DEA5B	DE	Soest
DEA5C	DE	Unna
DEB	DE	RHEINLAND-PFALZ
DEB1	DE	Koblenz
DEB11	DE	Koblenz, Kreisfreie Stadt
DEB12	DE	Ahrweiler
DEB13	DE	Altenkirchen (Westerwald)
DEB14	DE	Bad Kreuznach
DEB15	DE	Birkenfeld
DEB17	DE	Mayen-Koblenz
DEB18	DE	Neuwied
DEB1A	DE	Rhein-Lahn-Kreis
DEB1B	DE	Westerwaldkreis
DEB1C	DE	Cochem-Zell
DEB1D	DE	Rhein-Hunsrück-Kreis
DEB2	DE	Trier
DEB21	DE	Trier, Kreisfreie Stadt
DEB22	DE	Bernkastel-Wittlich
DEB23	DE	Eifelkreis Bitburg-Prüm
DEB24	DE	Vulkaneifel
DEB25	DE	Trier-Saarburg
DEB3	DE	Rheinhessen-Pfalz
DEB31	DE	Frankenthal (Pfalz), Kreisfreie Stadt
DEB32	DE	Kaiserslautern, Kreisfreie Stadt
DEB33	DE	Landau in der Pfalz, Kreisfreie Stadt
DEB34	DE	Ludwigshafen am Rhein, Kreisfreie Stadt
DEB35	DE	Mainz, Kreisfreie Stadt
DEB36	DE	Neustadt an der Weinstraße, Kreisfreie Stadt
DEB37	DE	Pirmasens, Kreisfreie Stadt
DEB38	DE	Speyer, Kreisfreie Stadt
DEB39	DE	Worms, Kreisfreie Stadt
DEB3A	DE	Zweibrücken, Kreisfreie Stadt
DEB3B	DE	Alzey-Worms
DEB3C	DE	Bad Dürkheim
DEB3D	DE	Donnersbergkreis
DEB3E	DE	Germersheim
DEB3F	DE	Kaiserslautern, Landkreis
DEB3G	DE	Kusel
DEB3H	DE	Südliche Weinstraße
DEB3I	DE	Rhein-Pfalz-Kreis
DEB3J	DE	Mainz-Bingen
DEB3K	DE	Südwestpfalz
DEC	DE	SAARLAND
DEC0	DE	Saarland
DEC01	DE	Regionalverband Saarbrücken
DEC02	DE	Merzig-Wadern
DEC03	DE	Neunkirchen
DEC04	DE	Saarlouis
DEC05	DE	Saarpfalz-Kreis
DEC06	DE	St. Wendel
DED	DE	SACHSEN
DED2	DE	Dresden
DED21	DE	Dresden, Kreisfreie Stadt
DED2C	DE	Bautzen
DED2D	DE	Görlitz
DED2E	DE	Meißen
DED2F	DE	Sächsische Schweiz-Osterzgebirge
DED4	DE	Chemnitz
DED41	DE	Chemnitz, Kreisfreie Stadt
DED42	DE	Erzgebirgskreis
DED43	DE	Mittelsachsen
DED44	DE	Vogtlandkreis
DED45	DE	Zwickau
DED5	DE	Leipzig
DED51	DE	Leipzig, Kreisfreie Stadt
DED52	DE	Leipzig
DED53	DE	Nordsachsen
DEE	DE	SACHSEN-ANHALT
DEE0	DE	Sachsen-Anhalt
DEE01	DE	Dessau-Roßlau, Kreisfreie Stadt
DEE02	DE	Halle (Saale), Kreisfreie Stadt
DEE03	DE	Magdeburg, Kreisfreie Stadt
DEE04	DE	Altmarkkreis Salzwedel
DEE05	DE	Anhalt-Bitterfeld
DEE06	DE	Jerichower Land
DEE07	DE	Börde
DEE08	DE	Burgenlandkreis
DEE09	DE	Harz
DEE0A	DE	Mansfeld-Südharz
DEE0B	DE	Saalekreis
DEE0C	DE	Salzlandkreis
DEE0D	DE	Stendal
DEE0E	DE	Wittenberg
DEF	DE	SCHLESWIG-HOLSTEIN
DEF0	DE	Schleswig-Holstein
DEF01	DE	Flensburg, Kreisfreie Stadt
DEF02	DE	Kiel, Kreisfreie Stadt
DEF03	DE	Lübeck, Kreisfreie Stadt
DEF04	DE	Neumünster, Kreisfreie Stadt
DEF05	DE	Dithmarschen
DEF06	DE	Herzogtum Lauenburg
DEF07	DE	Nordfriesland
DEF08	DE	Ostholstein
DEF09	DE	Pinneberg
DEF0A	DE	Plön
DEF0B	DE	Rendsburg-Eckernförde
DEF0C	DE	Schleswig-Flensburg
DEF0D	DE	Segeberg
DEF0E	DE	Steinburg
DEF0F	DE	Stormarn
DEG	DE	THÜRINGEN
DEG0	DE	Thüringen
DEG01	DE	Erfurt, Kreisfreie Stadt
DEG02	DE	Gera, Kreisfreie Stadt
DEG03	DE	Jena, Kreisfreie Stadt
DEG04	DE	Suhl, Kreisfreie Stadt
DEG05	DE	Weimar, Kreisfreie Stadt
DEG06	DE	Eichsfeld
DEG07	DE	Nordhausen
DEG09	DE	Unstrut-Hainich-Kreis
DEG0A	DE	Kyffhäuserkreis
DEG0B	DE	Schmalkalden-Meiningen
DEG0C	DE	Gotha
DEG0D	DE	Sömmerda
DEG0E	DE	Hildburghausen
DEG0F	DE	Ilm-Kreis
DEG0G	DE	Weimarer Land
DEG0H	DE	Sonneberg
DEG0I	DE	Saalfeld-Rudolstadt
DEG0J	DE	Saale-Holzland-Kreis
DEG0K	DE	Saale-Orla-Kreis
DEG0L	DE	Greiz
DEG0M	DE	Altenburger Land
DEG0N	DE	Eisenach, Kreisfreie Stadt
DEG0P	DE	Wartburgkreis
DK	DK	DANMARK
DK0	DK	DANMARK
DK01	DK	Hovedstaden
DK011	DK	Byen København
DK012	DK	Københavns omegn
DK013	DK	Nordsjælland
DK014	DK	Bornholm
DK02	DK	Sjælland
DK021	DK	Østsjælland
DK022	DK	Vest- og Sydsjælland
DK03	DK	Syddanmark
DK031	DK	Fyn
DK032	DK	Sydjylland
DK04	DK	Midtjylland
DK041	DK	Vestjylland
DK042	DK	Østjylland
DK05	DK	Nordjylland
DK050	DK	Nordjylland
EE	EE	EESTI
EE0	EE	EESTI
EE00	EE	Eesti
EE001	EE	Põhja-Eesti
EE004	EE	Lääne-Eesti
EE006	EE	Kesk-Eesti
EE007	EE	Kirde-Eesti
EE008	EE	Lõuna-Eesti
EL	EL	ΕΛΛΑΔΑ
EL3	EL	ATTIKΗ
EL30	EL	Aττική
EL301	EL	Βόρειος Τομέας Αθηνών
EL302	EL	Δυτικός Τομέας Αθηνών
EL303	EL	Κεντρικός Τομέας Αθηνών
EL304	EL	Νότιος Τομέας Αθηνών
EL305	EL	Ανατολική Αττική
EL306	EL	Δυτική Αττική
EL307	EL	Πειραιάς, Νήσοι
EL4	EL	NΗΣΙΑ ΑΙΓΑΙΟΥ, KΡΗΤΗ
EL41	EL	Βόρειο Αιγαίο
EL411	EL	Λέσβος, Λήμνος
EL412	EL	Ικαρία, Σάμος
EL413	EL	Χίος
EL42	EL	Νότιο Αιγαίο
EL421	EL	Κάλυμνος, Κάρπαθος, Κως, Ρόδος
EL422	EL	Άνδρος, Θήρα, Κέα, Μήλος, Μύκονος, Νάξος, Πάρος, Σύρος, Τήνος
EL43	EL	Κρήτη
EL431	EL	Ηράκλειο
EL432	EL	Λασίθι
EL433	EL	Ρεθύμνη
EL434	EL	Χανιά
EL5	EL	ΒΟΡΕΙΑ ΕΛΛΑΔΑ
EL51	EL	Aνατολική Μακεδονία, Θράκη
EL511	EL	Έβρος
EL512	EL	Ξάνθη
EL513	EL	Ροδόπη
EL514	EL	Δράμα
EL515	EL	Θάσος, Καβάλα
EL52	EL	Κεντρική Μακεδονία
EL521	EL	Ημαθία
EL522	EL	Θεσσαλονίκη
EL523	EL	Κιλκίς
EL524	EL	Πέλλα
EL525	EL	Πιερία
EL526	EL	Σέρρες
EL527	EL	Χαλκιδική
EL53	EL	Δυτική Μακεδονία
EL531	EL	Γρεβενά, Κοζάνη
EL532	EL	Καστοριά
EL533	EL	Φλώρινα
EL54	EL	Ήπειρος
EL541	EL	Άρτα, Πρέβεζα
EL542	EL	Θεσπρωτία
EL543	EL	Ιωάννινα
EL6	EL	ΚΕΝΤΡΙΚΗ ΕΛΛΑΔΑ
EL61	EL	Θεσσαλία
EL611	EL	Καρδίτσα, Τρίκαλα
EL612	EL	Λάρισα
EL613	EL	Μαγνησία, Σποράδες
EL62	EL	Ιόνια Νησιά
EL621	EL	Ζάκυνθος
EL622	EL	Κέρκυρα
EL623	EL	Ιθάκη, Κεφαλληνία
EL624	EL	Λευκάδα
EL63	EL	Δυτική Ελλάδα
EL631	EL	Αιτωλοακαρνανία
EL632	EL	Αχαΐα
EL633	EL	Ηλεία
EL64	EL	Στερεά Ελλάδα
EL641	EL	Βοιωτία
EL642	EL	Εύβοια
EL643	EL	Ευρυτανία
EL644	EL	Φθιώτιδα
EL645	EL	Φωκίδα
EL65	EL	Πελοπόννησος
EL651	EL	Αργολίδα, Αρκαδία
EL652	EL	Κορινθία
EL653	EL	Λακωνία, Μεσσηνία
ES	ES	ESPAÑA
ES1	ES	NOROESTE
ES11	ES	Galicia
ES111	ES	A Coruña
ES112	ES	Lugo
ES113	ES	Ourense
ES114	ES	Pontevedra
ES12	ES	Principado de Asturias
ES120	ES	Asturias
ES13	ES	Cantabria
ES130	ES	Cantabria
ES2	ES	NORESTE
ES21	ES	País Vasco
ES211	ES	Araba/Álava
ES212	ES	Gipuzkoa
ES213	ES	Bizkaia
ES22	ES	Comunidad Foral de Navarra
ES220	ES	Navarra
ES23	ES	La Rioja
ES230	ES	La Rioja
ES24	ES	Aragón
ES241	ES	Huesca
ES242	ES	Teruel
ES243	ES	Zaragoza
ES3	ES	COMUNIDAD DE MADRID
ES30	ES	Comunidad de Madrid
ES300	ES	Madrid
ES4	ES	CENTRO (ES)
ES41	ES	Castilla y León
ES411	ES	Ávila
ES412	ES	Burgos
ES413	ES	León
ES414	ES	Palencia
ES415	ES	Salamanca
ES416	ES	Segovia
ES417	ES	Soria
ES418	ES	Valladolid
ES419	ES	Zamora
ES42	ES	Castilla-La Mancha
ES421	ES	Albacete
ES422	ES	Ciudad Real
ES423	ES	Cuenca
ES424	ES	Guadalajara
ES425	ES	Toledo
ES43	ES	Extremadura
ES431	ES	Badajoz
ES432	ES	Cáceres
ES5	ES	ESTE
ES51	ES	Cataluña
ES511	ES	Barcelona
ES512	ES	Girona
ES513	ES	Lleida
ES514	ES	Tarragona
ES52	ES	Comunidad Valenciana
ES521	ES	Alicante / Alacant
ES522	ES	Castellón / Castelló
ES523	ES	Valencia / València
ES53	ES	Illes Balears
ES531	ES	Eivissa y Formentera
ES532	ES	Mallorca
ES533	ES	Menorca
ES6	ES	SUR
ES61	ES	Andalucía
ES611	ES	Almería
ES612	ES	Cádiz
ES613	ES	Córdoba
ES614	ES	Granada
ES615	ES	Huelva
ES616	ES	Jaén
ES617	ES	Málaga
ES618	ES	Sevilla
ES62	ES	Región de Murcia
ES620	ES	Murcia
ES63	ES	Ciudad Autónoma de Ceuta
ES630	ES	Ceuta
ES64	ES	Ciudad Autónoma de Melilla
ES640	ES	Melilla
ES7	ES	CANARIAS
ES70	ES	Canarias
ES703	ES	El Hierro
ES704	ES	Fuerteventura
ES705	ES	Gran Canaria
ES706	ES	La Gomera
ES707	ES	La Palma
ES708	ES	Lanzarote
ES709	ES	Tenerife
FI	FI	SUOMI / FINLAND
FI1	FI	MANNER-SUOMI
FI19	FI	Länsi-Suomi
FI193	FI	Keski-Suomi
FI194	FI	Etelä-Pohjanmaa
FI195	FI	Pohjanmaa
FI196	FI	Satakunta
FI197	FI	Pirkanmaa
FI1B	FI	Helsinki-Uusimaa
FI1B1	FI	Helsinki-Uusimaa
FI1C	FI	Etelä-Suomi
FI1C1	FI	Varsinais-Suomi
FI1C2	FI	Kanta-Häme
FI1C3	FI	Päijät-Häme
FI1C4	FI	Kymenlaakso
FI1C5	FI	Etelä-Karjala
FI1D	FI	Pohjois- ja Itä-Suomi
FI1D1	FI	Etelä-Savo
FI1D2	FI	Pohjois-Savo
FI1D3	FI	Pohjois-Karjala
FI1D5	FI	Keski-Pohjanmaa
FI1D7	FI	Lappi
FI1D8	FI	Kainuu
FI1D9	FI	Pohjois-Pohjanmaa
FI2	FI	ÅLAND
FI20	FI	Åland
FI200	FI	Åland
FR	FR	FRANCE
FR1	FR	ILE-DE-FRANCE
FR10	FR	Ile-de-France
FR101	FR	Paris
FR102	FR	Seine-et-Marne
FR103	FR	Yvelines
FR104	FR	Essonne
FR105	FR	Hauts-de-Seine
FR106	FR	Seine-Saint-Denis
FR107	FR	Val-de-Marne
FR108	FR	Val-d'Oise
FRB	FR	CENTRE - VAL DE LOIRE
FRB0	FR	Centre - Val de Loire
FRB01	FR	Cher
FRB02	FR	Eure-et-Loir
FRB03	FR	Indre
FRB04	FR	Indre-et-Loire
FRB05	FR	Loir-et-Cher
FRB06	FR	Loiret
FRC	FR	BOURGOGNE-FRANCHE-COMTÉ
FRC1	FR	Bourgogne
FRC11	FR	Côte-d’Or
FRC12	FR	Nièvre
FRC13	FR	Saône-et-Loire
FRC14	FR	Yonne
FRC2	FR	Franche-Comté
FRC21	FR	Doubs
FRC22	FR	Jura
FRC23	FR	Haute-Saône
FRC24	FR	Territoire de Belfort
FRD	FR	NORMANDIE
FRD1	FR	Basse-Normandie
FRD11	FR	Calvados
FRD12	FR	Manche
FRD13	FR	Orne
FRD2	FR	Haute-Normandie
FRD21	FR	Eure
FRD22	FR	Seine-Maritime
FRE	FR	NORD-PAS DE CALAIS-PICARDIE
FRE1	FR	Nord-Pas de Calais
FRE11	FR	Nord
FRE12	FR	Pas-de-Calais
FRE2	FR	Picardie
FRE21	FR	Aisne
FRE22	FR	Oise
FRE23	FR	Somme
FRF	FR	ALSACE-CHAMPAGNE-ARDENNE-LORRAINE
FRF1	FR	Alsace
FRF11	FR	Bas-Rhin
FRF12	FR	Haut-Rhin
FRF2	FR	Champagne-Ardenne
FRF21	FR	Ardennes
FRF22	FR	Aube
FRF23	FR	Marne
FRF24	FR	Haute-Marne
FRF3	FR	Lorraine
FRF31	FR	Meurthe-et-Moselle
FRF32	FR	Meuse
FRF33	FR	Moselle
FRF34	FR	Vosges
FRG	FR	PAYS DE LA LOIRE
FRG0	FR	Pays de la Loire
FRG01	FR	Loire-Atlantique
FRG02	FR	Maine-et-Loire
FRG03	FR	Mayenne
FRG04	FR	Sarthe
FRG05	FR	Vendée
FRH	FR	BRETAGNE
FRH0	FR	Bretagne
FRH01	FR	Côtes-d’Armor
FRH02	FR	Finistère
FRH03	FR	Ille-et-Vilaine
FRH04	FR	Morbihan
FRI	FR	AQUITAINE-LIMOUSIN-POITOU-CHARENTES
FRI1	FR	Aquitaine
FRI11	FR	Dordogne
FRI12	FR	Gironde
FRI13	FR	Landes
FRI14	FR	Lot-et-Garonne
FRI15	FR	Pyrénées-Atlantiques
FRI2	FR	Limousin
FRI21	FR	Corrèze
FRI22	FR	Creuse
FRI23	FR	Haute-Vienne
FRI3	FR	Poitou-Charentes
FRI31	FR	Charente
FRI32	FR	Charente-Maritime
FRI33	FR	Deux-Sèvres
FRI34	FR	Vienne
FRJ	FR	LANGUEDOC-ROUSSILLON-MIDI-PYRÉNÉES
FRJ1	FR	Languedoc-Roussillon
FRJ11	FR	Aude
FRJ12	FR	Gard
FRJ13	FR	Hérault
FRJ14	FR	Lozère
FRJ15	FR	Pyrénées-Orientales
FRJ2	FR	Midi-Pyrénées
FRJ21	FR	Ariège
FRJ22	FR	Aveyron
FRJ23	FR	Haute-Garonne
FRJ24	FR	Gers
FRJ25	FR	Lot
FRJ26	FR	Hautes-Pyrénées
FRJ27	FR	Tarn
FRJ28	FR	Tarn-et-Garonne
FRK	FR	AUVERGNE-RHÔNE-ALPES
FRK1	FR	Auvergne
FRK11	FR	Allier
FRK12	FR	Cantal
FRK13	FR	Haute-Loire
FRK14	FR	Puy-de-Dôme
FRK2	FR	Rhône-Alpes
FRK21	FR	Ain
FRK22	FR	Ardèche
FRK23	FR	Drôme
FRK24	FR	Isère
FRK25	FR	Loire
FRK26	FR	Rhône
FRK27	FR	Savoie
FRK28	FR	Haute-Savoie
FRL	FR	PROVENCE-ALPES-CÔTE D’AZUR
FRL0	FR	Provence-Alpes-Côte d’Azur
FRL01	FR	Alpes-de-Haute-Provence
FRL02	FR	Hautes-Alpes
FRL03	FR	Alpes-Maritimes
FRL04	FR	Bouches-du-Rhône
FRL05	FR	Var
FRL06	FR	Vaucluse
FRM	FR	CORSE
FRM0	FR	Corse
FRM01	FR	Corse-du-Sud
FRM02	FR	Haute-Corse
FRY	FR	RUP FR - RÉGIONS ULTRAPÉRIPHÉRIQUES FRANÇAISES
FRY1	FR	Guadeloupe
FRY10	FR	Guadeloupe
FRY2	FR	Martinique
FRY20	FR	Martinique
FRY3	FR	Guyane
FRY30	FR	Guyane
FRY4	FR	La Réunion
FRY40	FR	La Réunion
FRY5	FR	Mayotte
FRY50	FR	Mayotte
HR	HR	HRVATSKA
HR0	HR	HRVATSKA
HR03	HR	Jadranska Hrvatska
HR031	HR	Primorsko-goranska županija
HR032	HR	Ličko-senjska županija
HR033	HR	Zadarska županija
HR034	HR	Šibensko-kninska županija
HR035	HR	Splitsko-dalmatinska županija
HR036	HR	Istarska županija
HR037	HR	Dubrovačko-neretvanska županija
HR04	HR	Kontinentalna Hrvatska
HR041	HR	Grad Zagreb
HR042	HR	Zagrebačka županija
HR043	HR	Krapinsko-zagorska županija
HR044	HR	Varaždinska županija
HR045	HR	Koprivničko-križevačka županija
HR046	HR	Međimurska županija
HR047	HR	Bjelovarsko-bilogorska županija
HR048	HR	Virovitičko-podravska županija
HR049	HR	Požeško-slavonska županija
HR04A	HR	Brodsko-posavska županija
HR04B	HR	Osječko-baranjska županija
HR04C	HR	Vukovarsko-srijemska županija
HR04D	HR	Karlovačka županija
HR04E	HR	Sisačko-moslavačka županija
HU	HU	MAGYARORSZÁG
HU1	HU	KÖZÉP-MAGYARORSZÁG
HU11	HU	Budapest
HU110	HU	Budapest
HU12	HU	Pest
HU120	HU	Pest
HU2	HU	DUNÁNTÚL
HU21	HU	Közép-Dunántúl
HU211	HU	Fejér
HU212	HU	Komárom-Esztergom
HU213	HU	Veszprém
HU22	HU	Nyugat-Dunántúl
HU221	HU	Győr-Moson-Sopron
HU222	HU	Vas
HU223	HU	Zala
HU23	HU	Dél-Dunántúl
HU231	HU	Baranya
HU232	HU	Somogy
HU233	HU	Tolna
HU3	HU	ALFÖLD ÉS ÉSZAK
HU31	HU	Észak-Magyarország
HU311	HU	Borsod-Abaúj-Zemplén
HU312	HU	Heves
HU313	HU	Nógrád
HU32	HU	Észak-Alföld
HU321	HU	Hajdú-Bihar
HU322	HU	Jász-Nagykun-Szolnok
HU323	HU	Szabolcs-Szatmár-Bereg
HU33	HU	Dél-Alföld
HU331	HU	Bács-Kiskun
HU332	HU	Békés
HU333	HU	Csongrád
IE	IE	IRELAND
IE0	IE	IRELAND
IE04	IE	Northern and Western
IE041	IE	Border
IE042	IE	West
IE05	IE	Southern
IE051	IE	Mid-West
IE052	IE	South-East
IE053	IE	South-West
IE06	IE	Eastern and Midland
IE061	IE	Dublin
IE062	IE	Mid-East
IE063	IE	Midland
IS	IS	ÍSLAND
IS0	IS	ÍSLAND
IS00	IS	Ísland
IS001	IS	Höfuðborgarsvæði
IS002	IS	Landsbyggð
IT	IT	ITALIA
ITC	IT	NORD-OVEST
ITC1	IT	Piemonte
ITC11	IT	Torino
ITC12	IT	Vercelli
ITC13	IT	Biella
ITC14	IT	Verbano-Cusio-Ossola
ITC15	IT	Novara
ITC16	IT	Cuneo
ITC17	IT	Asti
ITC18	IT	Alessandria
ITC2	IT	Valle d'Aosta/Vallée d'Aoste
ITC20	IT	Valle d'Aosta/Vallée d'Aoste
ITC3	IT	Liguria
ITC31	IT	Imperia
ITC32	IT	Savona
ITC33	IT	Genova
ITC34	IT	La Spezia
ITC4	IT	Lombardia
ITC41	IT	Varese
ITC42	IT	Como
ITC43	IT	Lecco
ITC44	IT	Sondrio
ITC46	IT	Bergamo
ITC47	IT	Brescia
ITC48	IT	Pavia
ITC49	IT	Lodi
ITC4A	IT	Cremona
ITC4B	IT	Mantova
ITC4C	IT	Milano
ITC4D	IT	Monza e della Brianza
ITF	IT	SUD
ITF1	IT	Abruzzo
ITF11	IT	L'Aquila
ITF12	IT	Teramo
ITF13	IT	Pescara
ITF14	IT	Chieti
ITF2	IT	Molise
ITF21	IT	Isernia
ITF22	IT	Campobasso
ITF3	IT	Campania
ITF31	IT	Caserta
ITF32	IT	Benevento
ITF33	IT	Napoli
ITF34	IT	Avellino
ITF35	IT	Salerno
ITF4	IT	Puglia
ITF43	IT	Taranto
ITF44	IT	Brindisi
ITF45	IT	Lecce
ITF46	IT	Foggia
ITF47	IT	Bari
ITF48	IT	Barletta-Andria-Trani
ITF5	IT	Basilicata
ITF51	IT	Potenza
ITF52	IT	Matera
ITF6	IT	Calabria
ITF61	IT	Cosenza
ITF62	IT	Crotone
ITF63	IT	Catanzaro
ITF64	IT	Vibo Valentia
ITF65	IT	Reggio di Calabria
ITG	IT	ISOLE
ITG1	IT	Sicilia
ITG11	IT	Trapani
ITG12	IT	Palermo
ITG13	IT	Messina
ITG14	IT	Agrigento
ITG15	IT	Caltanissetta
ITG16	IT	Enna
ITG17	IT	Catania
ITG18	IT	Ragusa
ITG19	IT	Siracusa
ITG2	IT	Sardegna
ITG25	IT	Sassari
ITG26	IT	Nuoro
ITG27	IT	Cagliari
ITG28	IT	Oristano
ITG29	IT	Olbia-Tempio
ITG2A	IT	Ogliastra
ITG2B	IT	Medio Campidano
ITG2C	IT	Carbonia-Iglesias
ITH	IT	NORD-EST
ITH1	IT	Provincia Autonoma di Bolzano/Bozen
ITH10	IT	Bolzano-Bozen
ITH2	IT	Provincia Autonoma di Trento
ITH20	IT	Trento
ITH3	IT	Veneto
ITH31	IT	Verona
ITH32	IT	Vicenza
ITH33	IT	Belluno
ITH34	IT	Treviso
ITH35	IT	Venezia
ITH36	IT	Padova
ITH37	IT	Rovigo
ITH4	IT	Friuli-Venezia Giulia
ITH41	IT	Pordenone
ITH42	IT	Udine
ITH43	IT	Gorizia
ITH44	IT	Trieste
ITH5	IT	Emilia-Romagna
ITH51	IT	Piacenza
ITH52	IT	Parma
ITH53	IT	Reggio nell'Emilia
ITH54	IT	Modena
ITH55	IT	Bologna
ITH56	IT	Ferrara
ITH57	IT	Ravenna
ITH58	IT	Forlì-Cesena
ITH59	IT	Rimini
ITI	IT	CENTRO (IT)
ITI1	IT	Toscana
ITI11	IT	Massa-Carrara
ITI12	IT	Lucca
ITI13	IT	Pistoia
ITI14	IT	Firenze
ITI15	IT	Prato
ITI16	IT	Livorno
ITI17	IT	Pisa
ITI18	IT	Arezzo
ITI19	IT	Siena
ITI1A	IT	Grosseto
ITI2	IT	Umbria
ITI21	IT	Perugia
ITI22	IT	Terni
ITI3	IT	Marche
ITI31	IT	Pesaro e Urbino
ITI32	IT	Ancona
ITI33	IT	Macerata
ITI34	IT	Ascoli Piceno
ITI35	IT	Fermo
ITI4	IT	Lazio
ITI41	IT	Viterbo
ITI42	IT	Rieti
ITI43	IT	Roma
ITI44	IT	Latina
ITI45	IT	Frosinone
LI	LI	LIECHTENSTEIN
LI0	LI	LIECHTENSTEIN
LI00	LI	Liechtenstein
LI000	LI	Liechtenstein
LT	LT	LIETUVA
LT0	LT	LIETUVA
LT01	LT	Sostinės regionas
LT011	LT	Vilniaus apskritis
LT02	LT	Vidurio ir vakarų Lietuvos regionas
LT021	LT	Alytaus apskritis
LT022	LT	Kauno apskritis
LT023	LT	Klaipėdos apskritis
LT024	LT	Marijampolės apskritis
LT025	LT	Panevėžio apskritis
LT026	LT	Šiaulių apskritis
LT027	LT	Tauragės apskritis
LT028	LT	Telšių apskritis
LT029	LT	Utenos apskritis
LU	LU	LUXEMBOURG
LU0	LU	LUXEMBOURG
LU00	LU	Luxembourg
LU000	LU	Luxembourg
LV	LV	LATVIJA
LV0	LV	LATVIJA
LV00	LV	Latvija
LV003	LV	Kurzeme
LV005	LV	Latgale
LV006	LV	Rīga
LV007	LV	Pierīga
LV008	LV	Vidzeme
LV009	LV	Zemgale
ME	ME	ЦРНА ГОРА
ME0	ME	ЦРНА ГОРА
ME00	ME	Црна Гора
ME000	ME	Црна Гора
MK	MK	North Macedonia
MK0	MK	Severna Makedonija
MK00	MK	Severna Makedonija
MK001	MK	Вардарски
MK002	MK	Источен
MK003	MK	Југозападен
MK004	MK	Југоисточен
MK005	MK	Пелагониски
MK006	MK	Полошки
MK007	MK	Североисточен
MK008	MK	Скопски
MT	MT	MALTA
MT0	MT	MALTA
MT00	MT	Malta
MT001	MT	Malta
MT002	MT	Gozo and Comino/Għawdex u Kemmuna
NL	NL	NEDERLAND
NL1	NL	NOORD-NEDERLAND
NL11	NL	Groningen
NL111	NL	Oost-Groningen
NL112	NL	Delfzijl en omgeving
NL113	NL	Overig Groningen
NL12	NL	Friesland (NL)
NL124	NL	Noord-Friesland
NL125	NL	Zuidwest-Friesland
NL126	NL	Zuidoost-Friesland
NL13	NL	Drenthe
NL131	NL	Noord-Drenthe
NL132	NL	Zuidoost-Drenthe
NL133	NL	Zuidwest-Drenthe
NL2	NL	OOST-NEDERLAND
NL21	NL	Overijssel
NL211	NL	Noord-Overijssel
NL212	NL	Zuidwest-Overijssel
NL213	NL	Twente
NL22	NL	Gelderland
NL221	NL	Veluwe
NL224	NL	Zuidwest-Gelderland
NL225	NL	Achterhoek
NL226	NL	Arnhem/Nijmegen
NL23	NL	Flevoland
NL230	NL	Flevoland
NL3	NL	WEST-NEDERLAND
NL31	NL	Utrecht
NL310	NL	Utrecht
NL32	NL	Noord-Holland
NL321	NL	Kop van Noord-Holland
NL323	NL	IJmond
NL324	NL	Agglomeratie Haarlem
NL325	NL	Zaanstreek
NL327	NL	Het Gooi en Vechtstreek
NL328	NL	Alkmaar en omgeving
NL329	NL	Groot-Amsterdam
NL33	NL	Zuid-Holland
NL332	NL	Agglomeratie's-Gravenhage
NL333	NL	Delft en Westland
NL337	NL	Agglomeratie Leiden en Bollenstreek
NL33A	NL	Zuidoost-Zuid-Holland
NL33B	NL	Oost-Zuid-Holland
NL33C	NL	Groot-Rijnmond
NL34	NL	Zeeland
NL341	NL	Zeeuwsch-Vlaanderen
NL342	NL	Overig Zeeland
NL4	NL	ZUID-NEDERLAND
NL41	NL	Noord-Brabant
NL411	NL	West-Noord-Brabant
NL412	NL	Midden-Noord-Brabant
NL413	NL	Noordoost-Noord-Brabant
NL414	NL	Zuidoost-Noord-Brabant
NL42	NL	Limburg (NL)
NL421	NL	Noord-Limburg
NL422	NL	Midden-Limburg
NL423	NL	Zuid-Limburg
NO	NO	NORGE
NO0	NO	NORGE
NO01	NO	Oslo og Akershus
NO011	NO	Oslo
NO012	NO	Akershus
NO02	NO	Hedmark og Oppland
NO021	NO	Hedmark
NO022	NO	Oppland
NO03	NO	Sør-Østlandet
NO031	NO	Østfold
NO032	NO	Buskerud
NO033	NO	Vestfold
NO034	NO	Telemark
NO04	NO	Agder og Rogaland
NO041	NO	Aust-Agder
NO042	NO	Vest-Agder
NO043	NO	Rogaland
NO05	NO	Vestlandet
NO051	NO	Hordaland
NO052	NO	Sogn og Fjordane
NO053	NO	Møre og Romsdal
NO06	NO	Trøndelag
NO060	NO	Trøndelag
NO07	NO	Nord-Norge
NO071	NO	Nordland
NO072	NO	Troms
NO073	NO	Finnmark
PL	PL	POLSKA
PL2	PL	MAKROREGION POŁUDNIOWY
PL21	PL	Małopolskie
PL213	PL	Miasto Kraków
PL214	PL	Krakowski
PL217	PL	Tarnowski
PL218	PL	Nowosądecki
PL219	PL	Nowotarski
PL21A	PL	Oświęcimski
PL22	PL	Śląskie
PL224	PL	Częstochowski
PL225	PL	Bielski
PL227	PL	Rybnicki
PL228	PL	Bytomski
PL229	PL	Gliwicki
PL22A	PL	Katowicki
PL22B	PL	Sosnowiecki
PL22C	PL	Tyski
PL4	PL	MAKROREGION PÓŁNOCNO-ZACHODNI
PL41	PL	Wielkopolskie
PL411	PL	Pilski
PL414	PL	Koniński
PL415	PL	Miasto Poznań
PL416	PL	Kaliski
PL417	PL	Leszczyński
PL418	PL	Poznański
PL42	PL	Zachodniopomorskie
PL424	PL	Miasto Szczecin
PL426	PL	Koszaliński
PL427	PL	Szczecinecko-pyrzycki
PL428	PL	Szczeciński
PL43	PL	Lubuskie
PL431	PL	Gorzowski
PL432	PL	Zielonogórski
PL5	PL	MAKROREGION POŁUDNIOWO-ZACHODNI
PL51	PL	Dolnośląskie
PL514	PL	Miasto Wrocław
PL515	PL	Jeleniogórski
PL516	PL	Legnicko-głogowski
PL517	PL	Wałbrzyski
PL518	PL	Wrocławski
PL52	PL	Opolskie
PL523	PL	Nyski
PL524	PL	Opolski
PL6	PL	MAKROREGION PÓŁNOCNY
PL61	PL	Kujawsko-pomorskie
PL613	PL	Bydgosko-toruński
PL616	PL	Grudziądzki
PL617	PL	Inowrocławski
PL618	PL	Świecki
PL619	PL	Włocławski
PL62	PL	Warmińsko-mazurskie
PL621	PL	Elbląski
PL622	PL	Olsztyński
PL623	PL	Ełcki
PL63	PL	Pomorskie
PL633	PL	Trójmiejski
PL634	PL	Gdański
PL636	PL	Słupski
PL637	PL	Chojnicki
PL638	PL	Starogardzki
PL7	PL	MAKROREGION CENTRALNY
PL71	PL	Łódzkie
PL711	PL	Miasto Łódź
PL712	PL	Łódzki
PL713	PL	Piotrkowski
PL714	PL	Sieradzki
PL715	PL	Skierniewicki
PL72	PL	Świętokrzyskie
PL721	PL	Kielecki
PL722	PL	Sandomiersko-jędrzejowski
PL8	PL	MAKROREGION WSCHODNI
PL81	PL	Lubelskie
PL811	PL	Bialski
PL812	PL	Chełmsko-zamojski
PL814	PL	Lubelski
PL815	PL	Puławski
PL82	PL	Podkarpackie
PL821	PL	Krośnieński
PL822	PL	Przemyski
PL823	PL	Rzeszowski
PL824	PL	Tarnobrzeski
PL84	PL	Podlaskie
PL841	PL	Białostocki
PL842	PL	Łomżyński
PL843	PL	Suwalski
PL9	PL	MAKROREGION WOJEWÓDZTWO MAZOWIECKIE
PL91	PL	Warszawski stołeczny
PL911	PL	Miasto Warszawa
PL912	PL	Warszawski wschodni
PL913	PL	Warszawski zachodni
PL92	PL	Mazowiecki regionalny
PL921	PL	Radomski
PL922	PL	Ciechanowski
PL923	PL	Płocki
PL924	PL	Ostrołęcki
PL925	PL	Siedlecki
PL926	PL	Żyrardowski
PT	PT	PORTUGAL
PT1	PT	CONTINENTE
PT11	PT	Norte
PT111	PT	Alto Minho
PT112	PT	Cávado
PT119	PT	Ave
PT11A	PT	Área Metropolitana do Porto
PT11B	PT	Alto Tâmega
PT11C	PT	Tâmega e Sousa
PT11D	PT	Douro
PT11E	PT	Terras de Trás-os-Montes
PT15	PT	Algarve
PT150	PT	Algarve
PT16	PT	Centro (PT)
PT16B	PT	Oeste
PT16D	PT	Região de Aveiro
PT16E	PT	Região de Coimbra
PT16F	PT	Região de Leiria
PT16G	PT	Viseu Dão Lafões
PT16H	PT	Beira Baixa
PT16I	PT	Médio Tejo
PT16J	PT	Beiras e Serra da Estrela
PT17	PT	Área Metropolitana de Lisboa
PT170	PT	Área Metropolitana de Lisboa
PT18	PT	Alentejo
PT181	PT	Alentejo Litoral
PT184	PT	Baixo Alentejo
PT185	PT	Lezíria do Tejo
PT186	PT	Alto Alentejo
PT187	PT	Alentejo Central
PT2	PT	REGIÃO AUTÓNOMA DOS AÇORES
PT20	PT	Região Autónoma dos Açores
PT200	PT	Região Autónoma dos Açores
PT3	PT	REGIÃO AUTÓNOMA DA MADEIRA
PT30	PT	Região Autónoma da Madeira
PT300	PT	Região Autónoma da Madeira
RO	RO	ROMÂNIA
RO1	RO	MACROREGIUNEA UNU
RO11	RO	Nord-Vest
RO111	RO	Bihor
RO112	RO	Bistriţa-Năsăud
RO113	RO	Cluj
RO114	RO	Maramureş
RO115	RO	Satu Mare
RO116	RO	Sălaj
RO12	RO	Centru
RO121	RO	Alba
RO122	RO	Braşov
RO123	RO	Covasna
RO124	RO	Harghita
RO125	RO	Mureş
RO126	RO	Sibiu
RO2	RO	MACROREGIUNEA DOI
RO21	RO	Nord-Est
RO211	RO	Bacău
RO212	RO	Botoşani
RO213	RO	Iaşi
RO214	RO	Neamţ
RO215	RO	Suceava
RO216	RO	Vaslui
RO22	RO	Sud-Est
RO221	RO	Brăila
RO222	RO	Buzău
RO223	RO	Constanţa
RO224	RO	Galaţi
RO225	RO	Tulcea
RO226	RO	Vrancea
RO3	RO	MACROREGIUNEA TREI
RO31	RO	Sud - Muntenia
RO311	RO	Argeş
RO312	RO	Călăraşi
RO313	RO	Dâmboviţa
RO314	RO	Giurgiu
RO315	RO	Ialomiţa
RO316	RO	Prahova
RO317	RO	Teleorman
RO32	RO	Bucureşti - Ilfov
RO321	RO	Bucureşti
RO322	RO	Ilfov
RO4	RO	MACROREGIUNEA PATRU
RO41	RO	Sud-Vest Oltenia
RO411	RO	Dolj
RO412	RO	Gorj
RO413	RO	Mehedinţi
RO414	RO	Olt
RO415	RO	Vâlcea
RO42	RO	Vest
RO421	RO	Arad
RO422	RO	Caraş-Severin
RO423	RO	Hunedoara
RO424	RO	Timiş
RS	RS	REPUBLIKA SRBIJA /РЕПУБЛИКА СРБИЈА
RS1	RS	Србија - север
RS11	RS	Београдски регион
RS110	RS	Београдска област
RS12	RS	Регион Војводине
RS121	RS	Западнобачка област
RS122	RS	Јужнобанатска област
RS123	RS	Јужнобачка област
RS124	RS	Севернобанатска област
RS125	RS	Севернобачка област
RS126	RS	Средњобанатска област
RS127	RS	Сремска област
RS2	RS	Србија - југ
RS21	RS	Регион Шумадије и Западне Србије
RS211	RS	Златиборска област
RS212	RS	Колубарска област
RS213	RS	Мачванска област
RS214	RS	Моравичка област
RS215	RS	Поморавска област
RS216	RS	Расинска област
RS217	RS	Рашка област
RS218	RS	Шумадијска област
RS22	RS	Регион Јужне и Источне Србије
RS221	RS	Борска област
RS222	RS	Браничевска област
RS223	RS	Зајечарска област
RS224	RS	Јабланичка област
RS225	RS	Нишавска област
RS226	RS	Пиротска област
RS227	RS	Подунавска област
RS228	RS	Пчињска област
RS229	RS	Топличка област
SE	SE	SVERIGE
SE1	SE	ÖSTRA SVERIGE
SE11	SE	Stockholm
SE110	SE	Stockholms län
SE12	SE	Östra Mellansverige
SE121	SE	Uppsala län
SE122	SE	Södermanlands län
SE123	SE	Östergötlands län
SE124	SE	Örebro län
SE125	SE	Västmanlands län
SE2	SE	SÖDRA SVERIGE
SE21	SE	Småland med öarna
SE211	SE	Jönköpings län
SE212	SE	Kronobergs län
SE213	SE	Kalmar län
SE214	SE	Gotlands län
SE22	SE	Sydsverige
SE221	SE	Blekinge län
SE224	SE	Skåne län
SE23	SE	Västsverige
SE231	SE	Hallands län
SE232	SE	Västra Götalands län
SE3	SE	NORRA SVERIGE
SE31	SE	Norra Mellansverige
SE311	SE	Värmlands län
SE312	SE	Dalarnas län
SE313	SE	Gävleborgs län
SE32	SE	Mellersta Norrland
SE321	SE	Västernorrlands län
SE322	SE	Jämtlands län
SE33	SE	Övre Norrland
SE331	SE	Västerbottens län
SE332	SE	Norrbottens län
SI	SI	SLOVENIJA
SI0	SI	SLOVENIJA
SI03	SI	Vzhodna Slovenija
SI031	SI	Pomurska
SI032	SI	Podravska
SI033	SI	Koroška
SI034	SI	Savinjska
SI035	SI	Zasavska
SI036	SI	Posavska
SI037	SI	Jugovzhodna Slovenija
SI038	SI	Primorsko-notranjska
SI04	SI	Zahodna Slovenija
SI041	SI	Osrednjeslovenska
SI042	SI	Gorenjska
SI043	SI	Goriška
SI044	SI	Obalno-kraška
SK	SK	SLOVENSKO
SK0	SK	SLOVENSKO
SK01	SK	Bratislavský kraj
SK010	SK	Bratislavský kraj
SK02	SK	Západné Slovensko
SK021	SK	Trnavský kraj
SK022	SK	Trenčiansky kraj
SK023	SK	Nitriansky kraj
SK03	SK	Stredné Slovensko
SK031	SK	Žilinský kraj
SK032	SK	Banskobystrický kraj
SK04	SK	Východné Slovensko
SK041	SK	Prešovský kraj
SK042	SK	Košický kraj
TR	TR	TÜRKIYE
TR1	TR	ISTANBUL
TR10	TR	Istanbul
TR100	TR	Istanbul
TR2	TR	BATI MARMARA
TR21	TR	Tekirdag, Edirne, Kirklareli
TR211	TR	Tekirdag
TR212	TR	Edirne
TR213	TR	Kirklareli
TR22	TR	Balikesir, Çanakkale
TR221	TR	Balikesir
TR222	TR	Çanakkale
TR3	TR	EGE
TR31	TR	Izmir
TR310	TR	Izmir
TR32	TR	Aydin, Denizli, Mugla
TR321	TR	Aydin
TR322	TR	Denizli
TR323	TR	Mugla
TR33	TR	Manisa, Afyonkarahisar, Kütahya, Usak
TR331	TR	Manisa
TR332	TR	Afyon
TR333	TR	Kütahya
TR334	TR	Usak
TR4	TR	DOGU MARMARA
TR41	TR	Bursa, Eskisehir, Bilecik
TR411	TR	Bursa
TR412	TR	Eskisehir
TR413	TR	Bilecik
TR42	TR	Kocaeli, Sakarya, Düzce, Bolu, Yalova
TR421	TR	Kocaeli
TR422	TR	Sakarya
TR423	TR	Düzce
TR424	TR	Bolu
TR425	TR	Yalova
TR5	TR	BATI ANADOLU
TR51	TR	Ankara
TR510	TR	Ankara
TR52	TR	Konya, Karaman
TR521	TR	Konya
TR522	TR	Karaman
TR6	TR	AKDENIZ
TR61	TR	Antalya, Isparta, Burdur
TR611	TR	Antalya
TR612	TR	Isparta
TR613	TR	Burdur
TR62	TR	Adana, Mersin
TR621	TR	Adana
TR622	TR	Içel
TR63	TR	Hatay, Kahramanmaras, Osmaniye
TR631	TR	Hatay
TR632	TR	Kahramanmaras
TR633	TR	Osmaniye
TR7	TR	ORTA ANADOLU
TR71	TR	Kirikkale, Aksaray, Nigde, Nevsehir, Kirsehir
TR711	TR	Kirikkale
TR712	TR	Aksaray
TR713	TR	Nigde
TR714	TR	Nevsehir
TR715	TR	Kirsehir
TR72	TR	Kayseri, Sivas, Yozgat
TR721	TR	Kayseri
TR722	TR	Sivas
TR723	TR	Yozgat
TR8	TR	BATI KARADENIZ
TR81	TR	Zonguldak, Karabük, Bartin
TR811	TR	Zonguldak
TR812	TR	Karabük
TR813	TR	Bartin
TR82	TR	Kastamonu, Çankiri, Sinop
TR821	TR	Kastamonu
TR822	TR	Çankiri
TR823	TR	Sinop
TR83	TR	Samsun, Tokat, Çorum, Amasya
TR831	TR	Samsun
TR832	TR	Tokat
TR833	TR	Çorum
TR834	TR	Amasya
TR9	TR	DOGU KARADENIZ
TR90	TR	Trabzon
TR901	TR	Trabzon
TR902	TR	Ordu
TR903	TR	Giresun
TR904	TR	Rize
TR905	TR	Artvin
TR906	TR	Gümüshane
TRA	TR	KUZEYDOGU ANADOLU
TRA1	TR	Erzurum, Erzincan, Bayburt
TRA11	TR	Erzurum
TRA12	TR	Erzincan
TRA13	TR	Bayburt
TRA2	TR	Agri, Kars, Igdir, Ardahan
TRA21	TR	Agri
TRA22	TR	Kars
TRA23	TR	Igdir
TRA24	TR	Ardahan
TRB	TR	ORTADOGU ANADOLU
TRB1	TR	Malatya, Elazig, Bingöl, Tunceli
TRB11	TR	Malatya
TRB12	TR	Elazig
TRB13	TR	Bingöl
TRB14	TR	Tunceli
TRB2	TR	Van, Mus, Bitlis, Hakkari
TRB21	TR	Van
TRB22	TR	Mus
TRB23	TR	Bitlis
TRB24	TR	Hakkari
TRC	TR	GÜNEYDOGU ANADOLU
TRC1	TR	Gaziantep, Adiyaman, Kilis
TRC11	TR	Gaziantep
TRC12	TR	Adiyaman
TRC13	TR	Kilis
TRC2	TR	Sanliurfa, Diyarbakir
TRC21	TR	Sanliurfa
TRC22	TR	Diyarbakir
TRC3	TR	Mardin, Batman, Sirnak, Siirt
TRC31	TR	Mardin
TRC32	TR	Batman
TRC33	TR	Sirnak
TRC34	TR	Siirt
UK	UK	UNITED KINGDOM
UKC	UK	NORTH EAST (ENGLAND)
UKC1	UK	Tees Valley and Durham
UKC11	UK	Hartlepool and Stockton-on-Tees
UKC12	UK	South Teesside
UKC13	UK	Darlington
UKC14	UK	Durham CC
UKC2	UK	Northumberland and Tyne and Wear
UKC21	UK	Northumberland
UKC22	UK	Tyneside
UKC23	UK	Sunderland
UKD	UK	NORTH WEST (ENGLAND)
UKD1	UK	Cumbria
UKD11	UK	West Cumbria
UKD12	UK	East Cumbria
UKD3	UK	Greater Manchester
UKD33	UK	Manchester
UKD34	UK	Greater Manchester South West
UKD35	UK	Greater Manchester South East
UKD36	UK	Greater Manchester North West
UKD37	UK	Greater Manchester North East
UKD4	UK	Lancashire
UKD41	UK	Blackburn with Darwen
UKD42	UK	Blackpool
UKD44	UK	Lancaster and Wyre
UKD45	UK	Mid Lancashire
UKD46	UK	East Lancashire
UKD47	UK	Chorley and West Lancashire
UKD6	UK	Cheshire
UKD61	UK	Warrington
UKD62	UK	Cheshire East
UKD63	UK	Cheshire West and Chester
UKD7	UK	Merseyside
UKD71	UK	East Merseyside
UKD72	UK	Liverpool
UKD73	UK	Sefton
UKD74	UK	Wirral
UKE	UK	YORKSHIRE AND THE HUMBER
UKE1	UK	East Yorkshire and Northern Lincolnshire
UKE11	UK	Kingston upon Hull, City of
UKE12	UK	East Riding of Yorkshire
UKE13	UK	North and North East Lincolnshire
UKE2	UK	North Yorkshire
UKE21	UK	York
UKE22	UK	North Yorkshire CC
UKE3	UK	South Yorkshire
UKE31	UK	Barnsley, Doncaster and Rotherham
UKE32	UK	Sheffield
UKE4	UK	West Yorkshire
UKE41	UK	Bradford
UKE42	UK	Leeds
UKE44	UK	Calderdale and Kirklees
UKE45	UK	Wakefield
UKF	UK	EAST MIDLANDS (ENGLAND)
UKF1	UK	Derbyshire and Nottinghamshire
UKF11	UK	Derby
UKF12	UK	East Derbyshire
UKF13	UK	South and West Derbyshire
UKF14	UK	Nottingham
UKF15	UK	North Nottinghamshire
UKF16	UK	South Nottinghamshire
UKF2	UK	Leicestershire, Rutland and Northamptonshire
UKF21	UK	Leicester
UKF22	UK	Leicestershire CC and Rutland
UKF24	UK	West Northamptonshire
UKF25	UK	North Northamptonshire
UKF3	UK	Lincolnshire
UKF30	UK	Lincolnshire
UKG	UK	WEST MIDLANDS (ENGLAND)
UKG1	UK	Herefordshire, Worcestershire and Warwickshire
UKG11	UK	Herefordshire, County of
UKG12	UK	Worcestershire
UKG13	UK	Warwickshire
UKG2	UK	Shropshire and Staffordshire
UKG21	UK	Telford and Wrekin
UKG22	UK	Shropshire CC
UKG23	UK	Stoke-on-Trent
UKG24	UK	Staffordshire CC
UKG3	UK	West Midlands
UKG31	UK	Birmingham
UKG32	UK	Solihull
UKG33	UK	Coventry
UKG36	UK	Dudley
UKG37	UK	Sandwell
UKG38	UK	Walsall
UKG39	UK	Wolverhampton
UKH	UK	EAST OF ENGLAND
UKH1	UK	East Anglia
UKH11	UK	Peterborough
UKH12	UK	Cambridgeshire CC
UKH14	UK	Suffolk
UKH15	UK	Norwich and East Norfolk
UKH16	UK	North and West Norfolk
UKH17	UK	Breckland and South Norfolk
UKH2	UK	Bedfordshire and Hertfordshire
UKH21	UK	Luton
UKH23	UK	Hertfordshire
UKH24	UK	Bedford
UKH25	UK	Central Bedfordshire
UKH3	UK	Essex
UKH31	UK	Southend-on-Sea
UKH32	UK	Thurrock
UKH34	UK	Essex Haven Gateway
UKH35	UK	West Essex
UKH36	UK	Heart of Essex
UKH37	UK	Essex Thames Gateway
UKI	UK	LONDON
UKI3	UK	Inner London - West
UKI31	UK	Camden and City of London
UKI32	UK	Westminster
UKI33	UK	Kensington & Chelsea and Hammersmith & Fulham
UKI34	UK	Wandsworth
UKI4	UK	Inner London - East
UKI41	UK	Hackney and Newham
UKI42	UK	Tower Hamlets
UKI43	UK	Haringey and Islington
UKI44	UK	Lewisham and Southwark
UKI45	UK	Lambeth
UKI5	UK	Outer London - East and North East
UKI51	UK	Bexley and Greenwich
UKI52	UK	Barking & Dagenham and Havering
UKI53	UK	Redbridge and Waltham Forest
UKI54	UK	Enfield
UKI6	UK	Outer London - South
UKI61	UK	Bromley
UKI62	UK	Croydon
UKI63	UK	Merton, Kingston upon Thames and Sutton
UKI7	UK	Outer London - West and North West
UKI71	UK	Barnet
UKI72	UK	Brent
UKI73	UK	Ealing
UKI74	UK	Harrow and Hillingdon
UKI75	UK	Hounslow and Richmond upon Thames
UKJ	UK	SOUTH EAST (ENGLAND)
UKJ1	UK	Berkshire, Buckinghamshire and Oxfordshire
UKJ11	UK	Berkshire
UKJ12	UK	Milton Keynes
UKJ13	UK	Buckinghamshire CC
UKJ14	UK	Oxfordshire
UKJ2	UK	Surrey, East and West Sussex
UKJ21	UK	Brighton and Hove
UKJ22	UK	East Sussex CC
UKJ25	UK	West Surrey
UKJ26	UK	East Surrey
UKJ27	UK	West Sussex (South West)
UKJ28	UK	West Sussex (North East)
UKJ3	UK	Hampshire and Isle of Wight
UKJ31	UK	Portsmouth
UKJ32	UK	Southampton
UKJ34	UK	Isle of Wight
UKJ35	UK	South Hampshire
UKJ36	UK	Central Hampshire
UKJ37	UK	North Hampshire
UKJ4	UK	Kent
UKJ41	UK	Medway
UKJ43	UK	Kent Thames Gateway
UKJ44	UK	East Kent
UKJ45	UK	Mid Kent
UKJ46	UK	West Kent
UKK	UK	SOUTH WEST (ENGLAND)
UKK1	UK	Gloucestershire, Wiltshire and Bristol/Bath area
UKK11	UK	Bristol, City of
UKK12	UK	Bath and North East Somerset, North Somerset and South Gloucestershire
UKK13	UK	Gloucestershire
UKK14	UK	Swindon
UKK15	UK	Wiltshire CC
UKK2	UK	Dorset and Somerset
UKK21	UK	Bournemouth and Poole
UKK22	UK	Dorset CC
UKK23	UK	Somerset
UKK3	UK	Cornwall and Isles of Scilly
UKK30	UK	Cornwall and Isles of Scilly
UKK4	UK	Devon
UKK41	UK	Plymouth
UKK42	UK	Torbay
UKK43	UK	Devon CC
UKL	UK	WALES
UKL1	UK	West Wales and The Valleys
UKL11	UK	Isle of Anglesey
UKL12	UK	Gwynedd
UKL13	UK	Conwy and Denbighshire
UKL14	UK	South West Wales
UKL15	UK	Central Valleys
UKL16	UK	Gwent Valleys
UKL17	UK	Bridgend and Neath Port Talbot
UKL18	UK	Swansea
UKL2	UK	East Wales
UKL21	UK	Monmouthshire and Newport
UKL22	UK	Cardiff and Vale of Glamorgan
UKL23	UK	Flintshire and Wrexham
UKL24	UK	Powys
UKM	UK	SCOTLAND
UKM5	UK	North Eastern Scotland
UKM50	UK	Aberdeen City and Aberdeenshire
UKM6	UK	Highlands and Islands
UKM61	UK	Caithness & Sutherland and Ross & Cromarty
UKM62	UK	Inverness & Nairn and Moray, Badenoch & Strathspey
UKM63	UK	Lochaber, Skye & Lochalsh, Arran & Cumbrae and Argyll & Bute
UKM64	UK	Na h-Eileanan Siar (Western Isles)
UKM65	UK	Orkney Islands
UKM66	UK	Shetland Islands
UKM7	UK	Eastern Scotland
UKM71	UK	Angus and Dundee City
UKM72	UK	Clackmannanshire and Fife
UKM73	UK	East Lothian and Midlothian
UKM75	UK	Edinburgh, City of
UKM76	UK	Falkirk
UKM77	UK	Perth & Kinross and Stirling
UKM78	UK	West Lothian
UKM8	UK	West Central Scotland
UKM81	UK	East Dunbartonshire, West Dunbartonshire and Helensburgh & Lomond
UKM82	UK	Glasgow City
UKM83	UK	Inverclyde, East Renfrewshire and Renfrewshire
UKM84	UK	North Lanarkshire
UKM9	UK	Southern Scotland
UKM91	UK	Scottish Borders
UKM92	UK	Dumfries & Galloway
UKM93	UK	East Ayrshire and North Ayrshire mainland
UKM94	UK	South Ayrshire
UKM95	UK	South Lanarkshire
UKN	UK	NORTHERN IRELAND
UKN0	UK	Northern Ireland
UKN06	UK	Belfast
UKN07	UK	Armagh City, Banbridge and Craigavon
UKN08	UK	Newry, Mourne and Down
UKN09	UK	Ards and North Down
UKN10	UK	Derry City and Strabane
UKN11	UK	Mid Ulster
UKN12	UK	Causeway Coast and Glens
UKN13	UK	Antrim and Newtownabbey
UKN14	UK	Lisburn and Castlereagh
UKN15	UK	Mid and East Antrim
UKN16	UK	Fermanagh and Omagh
